[
    {
      "restaurantId": 2,
      "name": "Ric",
      "content": "可樂有點少，希望可以加大",
      "rating": 4
    },
    {
      "restaurantId": 0,
      "name": "Hugo",
      "content": "倒了倒了倒了，被我吃倒了",
      "rating": 5
    },
    {
      "restaurantId": 3,
      "name": "匿名松鼠",
      "content": "排隊都要排好久",
      "rating": 3
    },
    {
      "restaurantId": 5,
      "name": "匿名麻雀",
      "content": "你們的玻璃擦太乾淨了害我撞到",
      "rating": 1
    },
    {
      "restaurantId": 1,
      "name": "🀄",
      "content": "（飲料）不要太不滿",
      "rating": 4
    },
    {
      "restaurantId": 0,
      "name": "Ric",
      "content": "我的助教都很想念這間，他到底是有什麼魔力",
      "rating": 4
    },
    {
      "restaurantId": 3,
      "name": "🦪",
      "content": "干貝好ㄘ",
      "rating": 5
    },
    {
      "restaurantId": 8,
      "name": "Hugh Jackman",
      "content": "A good restaurant in Sydney",
      "rating": 5
    },
    {
      "restaurantId": 1,
      "name": "Charles",
      "content": "尖峰時段學生很多",
      "rating": 4
    },
    {
      "restaurantId": 0,
      "name": "aaa",
      "content": "敢不敢有一家不會倒的滷肉飯🥲🥲🥲",
      "rating": 5
    },
    {
      "restaurantId": 5,
      "name": "網服修課學生",
      "content": "上網服之前都要來這邊點一杯奶茶提神",
      "rating": 5
    },
    {
      "restaurantId": 6,
      "name": "abcde",
      "content": "放的音樂很吵",
      "rating": 3
    },
    {
      "restaurantId": 6,
      "name": "討厭菸味的人",
      "content": "有很多猴子在抽菸",
      "rating": 1
    },
    {
      "restaurantId": 9,
      "name": "😎",
      "content": "你知道人不在現場也能幫其他桌加點害他吃不完嗎？",
      "rating": 5
    },
    {
      "restaurantId": 3,
      "name": "隱家拉麵",
      "content": "來單挑啊看誰排隊比較長",
      "rating": 5
    },
    {
      "restaurantId": 7,
      "name": "臺南人",
      "content": "台南的東西怎麼沒有加糖",
      "rating": 1
    },
    {
      "restaurantId": 0,
      "name": "嘉義人",
      "content": "嘉義人才不吃這種冒牌雞肉飯",
      "rating": 1
    },
    {
      "restaurantId": 9,
      "name": "Veronica",
      "content": "飲料吧動線相當奇怪",
      "rating": 2
    },
    {
      "restaurantId": 9,
      "name": "冰激淋",
      "content": "莫凡彼好好吃",
      "rating": 5
    },
    {
      "restaurantId": 6,
      "name": "匿名灰狼",
      "content": "油味有點重但東西好吃",
      "rating": 4
    },
    {
      "restaurantId": 2,
      "name": "Anthony Barfield",
      "content": "Awesome hamburger and fries :)",
      "rating": 5
    },
    {
      "restaurantId": 9,
      "name": "林仁毅",
      "content": "從台大畢業多年，久違的回來吃一次，重溫學生時光。\n只可惜現在戰力大不如前了...",
      "rating": 4
    },
    {
      "restaurantId": 2,
      "name": "神崎 一",
      "content": "很好....你很腦殘嗎....敢這樣講刀劍神域.......我死也不會放過你。我給你兩個選擇。 1:我把你送去給鬼灯 2:你給我做好心理準備...因為死亡已經降臨在你身邊了。 你逼我的，聖使之裝:裝備:聖冥靈武:真-聖星夜嵐靈刀、真-星夜慄凜靈刀 你給我受死吧:雙刀絕技:奧義，滅靈，賦予亡者戰魂力量，星夜冥靈閃-一式、奧義，聖靈，賦予王者戰魂力量，星夜聖靈閃-二式 要是敢在這裡再說一次反刀劍神域，你就別怪我不客氣了",
      "rating": 2
    },
    {
      "restaurantId": 2,
      "name": "Joseph Chen",
      "content": "義大利麵很好吃，可惜隔壁的國中生有夠吵，一直在那邊星爆氣流斬",
      "rating": 4
    },
    {
      "restaurantId": 2,
      "name": "☆㊣↙煞氣a五六↗㊣☆",
      "content": "我也是有人權的 不要來迫害我的人權 我有星爆 干法官屁事 干羅瑩雪屁事 我有必要做甚麼事 吃喝拉撒依依向法官 前法務部長羅瑩雪報告嗎？這些法律人士有資格管我嗎？ 他們如果管的到我今天我就跟他們姓 還有一個人在那邊無中生有的 你管得到我有沒有星爆我也跟妳姓 你們這些人如果要管我星爆的話 我一定告 告你們妨礙自由 我會讓你們吃不了兜著走 星爆是我的自由 台灣不是民主自由國家嗎？ 我穿我買的星爆 干你們屁事 本官我有錢買啦 怎樣 咬我啊 我花我自己賺的錢干你們屁事 我有伸手跟我父母要錢？ 我不是女人也不是男人 我是官府中人 這樣還有問題嗎？ 我是朱府王爺身邊的人 我就是沒反覆 請問警察是憑那一條法律拘捕我？ 有甚麼問題及不滿 去跟王爺說不要來跟我說 我指歧視公總官員我沒有歧視女人 如果台灣法律有明文規定我不能星爆這條法律 你翻的出來 今天我鬼谷跟你姓 我沒在開玩笑 我說到做到 我只跟你們大家道歉 我不會跟公總道歉 給我看清楚 沒有的東西就不要在那邊加油添醋 無中生有 你生的出來誰會挺你？國民党？ 還是時代力量？ 無中生有的東西只會讓人厭惡 沒有幫助 我沒做啊 我沒犯法啊 請問謝法官 謝大大法官 我反了那條罪你要拘捕我？ 我只是問對方哪隻眼看到了？我不能問嗎？ 我沒有言論自由嗎啡 還是你是蔣中正的人 蔣中正死了你也要去靈堂守護它 我挺他們做什麼？ 我吃飽撐著嗎？ 星爆只是我的嗜好並不代表我就是娘砲 我也不是GYA，我是正常人",
      "rating": 3
    },
    {
      "restaurantId": 9,
      "name": "性平會冰淇淋",
      "content": "早上好🀄国🙌🇨🇳 现在我有Bing Chilling🍦🍦 我很喜欢Bing Chilling 🍦😍 但是(皺眉)🤨🤨 速度与激情9🥵🥵🥵 比Bing Chilling😖😖 速度与激情(重講🆖) 速度与激情9🔥🔥 我最喜欢~💯💯💯 所以…现在是音乐时间(??? 准备(挑眉🤨) 1 2 3 ~♫两个礼拜以后📆♫~ ~♫速度与激情9️⃣♫~ ~♫两个礼拜以↗️后↗️♫~ ~♫速度与激情9️⃣♫~ ~♫(吞口水🤤)两个礼拜以后♫~ ~♫速度与激情9️⃣♫~ 不要忘记🤯🤯 不要错过🙅🙅 去电影院看🎬速度与激情9 因为非常好电影🤌🏻🤌🏻 动作非常好🤜🤛 差不多一样🥰🥰 Bing Chiling🍦🍦 再見😫😫",
      "rating": 4
    },
    {
      "restaurantId": 3,
      "name": "藤原千花",
      "content": "今天早上去河濱跑步，中午來吃個拉麵犒賞自己。這樣持之以恆下去，我一定可以減肥成功的。",
      "rating": 5
    },
    {
      "restaurantId": 3,
      "name": "章成安",
      "content": "大安區最好吃的貝系拉麵",
      "rating": 5
    },
    {
      "restaurantId": 6,
      "name": "郭博諺",
      "content": "鹹豬肉炒飯還不錯吃，但是豆漿一杯25卻淡到像在喝水",
      "rating": 3
    },
    {
      "restaurantId": 7,
      "name": "莊偉彥",
      "content": "平價好吃",
      "rating": 4
    },
    {
      "restaurantId": 0,
      "name": "吳大虔",
      "content": "這麼優質的店都倒了，真是世風日下",
      "rating": 5
    },
    {
      "restaurantId": 0,
      "name": "老哥",
      "content": "我這不就回來了嗎？",
      "rating": 5
    },
    {
        "restaurantId": 11,
        "name": "窮光蛋",
        "content": "月底沒錢的時候這邊還有西北風",
        "rating": 5
    },
    {
        "restaurantId": 11,
        "name": "破產",
        "content": "風有鹽味，稍微有點難喝",
        "rating": 4
    },
    {
        "restaurantId": 15,
        "name": "🍕",
        "content": "珍珠奶茶披薩好ㄘ",
        "rating": 5
    },
    {
        "restaurantId": 13,
        "name": "窮鬼",
        "content": "月底沒錢好去處，土的味道嚐起來不錯",
        "rating": 5
    },
    {
        "restaurantId": 13,
        "name": "💩",
        "content": "土太乾了都沒水分",
        "rating": 1
    },
    {
        "restaurantId": 12,
        "name": "欣玥",
        "content": "怎麼可以吃可愛的🐝🐛🐞",
        "rating": 1
    },
    {
        "restaurantId": 12,
        "name": "貝爺",
        "content": "豐富的蛋白質",
        "rating": 5
    },
    {
        "restaurantId": 14,
        "name": "藤原佐為",
        "content": "都叫做平安了裡面怎麼可以沒有棋盤讓我附身",
        "rating": 1
    },
    {
        "restaurantId": 14,
        "name": "Andrew",
        "content": "古色古香的店面，精緻的和菓子不常吃到，但也並不便宜",
        "rating": 4
    },
    {
        "restaurantId": 13,
        "name": "大安區服務業業者",
        "content": "我都晚上偷偷來這邊摘薄荷泡茶",
        "rating": 5
    },
    {
        "restaurantId": 10,
        "name": "陳紫渝",
        "content": "永福里民記得投給 2號 陳紫渝喔 😘",
        "rating": 5
    },
    {
        "restaurantId": 11,
        "name": "Eric Yuen",
        "content": "💖在臉書發現一位達人 操贏致奇 分享的内容確實不錯，大家可以去看看！",
        "rating": 5
    },
    {
        "restaurantId": 12,
        "name": "AAAA",
        "content": "嘎蹦脆",
        "rating": 4
    },
    {
        "restaurantId": 12,
        "name": "吃不太習慣",
        "content": "aaaaa",
        "rating": 2
    },
    {
        "restaurantId": 15,
        "name": "李姿羽",
        "content": "三五朋友聚餐的好去處，披薩十分美味",
        "rating": 5
    },
    {
        "restaurantId": 15,
        "name": "_-乂*幻影戀族。紋*乂-_",
        "content": "推推夏威夷披薩",
        "rating": 4
    },
    {
        "restaurantId": 10,
        "name": "朴與恩",
        "content": "熟悉的家鄉味",
        "rating": 5
    },
    {
        "restaurantId": 18,
        "name": "學弟",
        "content": "我要扛下Qubit Mapping的大旗了",
        "rating": 5
    },
    {
        "restaurantId": 18,
        "name": "zxgs -fr",
        "content": "No matches",
        "rating": 5
    }
]
