[
    {
      "tag": [ "Lunch", "Dinner", "Chinese" ],
      "id": 0,
      "name": "合益佳雞肉飯",
      "img": "https://i.imgur.com/E7RZj9d.png",
      "time": {
        "Mon": "16:30-20:00",
        "Tue": "16:30-20:00",
        "Wed": "16:30-20:00",
        "Thr": "16:30-20:00",
        "Fri": "16:30-20:00"
      },
      "distance": 600,
      "price": 1
    },
    {
        "tag": [ "Lunch", "Dinner", "Italian" ],
        "id": 1,
        "name": "I’m Pasta",
        "img": "https://i.imgur.com/ISQfvLy.jpg",
        "time": { "All": "11:00-15:00, 17:00-20:30" },
        "distance": 620,
        "price": 2
    },
    {
        "tag": [ "Lunch", "Dinner", "American" ],
        "id": 2,
        "name": "Barkers",
        "img": "https://i.imgur.com/XeZnvuE.png",
        "time": {
          "Mon": "11:00-14:30, 16:30-20:30",
          "Tue": "11:00-14:30, 16:30-20:30",
          "Wed": "11:00-14:30, 16:30-20:30",
          "Thr": "11:00-14:30, 16:30-20:30",
          "Fri": "11:00-14:30, 16:30-20:30",
          "Sat": "11:00-14:30, 16:30-20:30"
        },
        "distance": 650,
        "price": 2
    },
    {
        "tag": [ "Lunch", "Dinner", "Japanese" ],
        "id": 3,
        "name": "墨洋拉麵",
        "img": "https://i.imgur.com/g1kS0m9.jpg",
        "time": { "All": "11:30-14:00, 17:00-21:00" },
        "distance": 1300,
        "price": 2
    },
    {
        "tag": [ "Lunch", "Dinner", "American" ],
        "id": 4,
        "name": "王品牛排",
        "img": "https://i.imgur.com/qwrRdBh.jpg",
        "time": {
          "Mon": "11:30-14:30, 17:30-22:00",
          "Tue": "11:30-14:30, 17:30-22:00",
          "Wed": "11:30-14:30, 17:30-22:00",
          "Thr": "11:30-14:30, 17:30-22:00",
          "Fri": "11:30-14:30, 17:30-22:00",
          "Sat": "11:00-14:30, 17:00-22:00",
          "Sun": "11:00-14:30, 17:00-22:00"
        },
        "distance": 2800,
        "price": 3
    },
    {
      "tag": [ "Breakfast", "American" ],
      "id": 5,
      "name": "雪球咖啡",
      "img": "https://i.imgur.com/LTen3ml.png",
      "time": {
        "Mon": "06:30-15:00",
        "Tue": "06:30-15:00",
        "Thr": "06:30-15:00",
        "Fri": "06:30-15:00",
        "Sat": "06:30-15:00",
        "Sun": "06:30-15:00"
      },
      "distance": 1200,
      "price": 1
    },
    {
      "tag": [ "Breakfast", "Lunch", "Dinner", "Chinese" ],
      "id": 6,
      "name": "深夜未歸",
      "img": "https://i.imgur.com/cnqFKZk.png",
      "time": {
        "Mon": "00:00-14:00, 17:00-00:00",
        "Tue": "00:00-14:00, 17:00-00:00",
        "Wed": "00:00-14:00, 17:00-00:00",
        "Thr": "00:00-14:00, 17:00-00:00",
        "Fri": "00:00-14:00, 17:00-00:00",
        "Sat": "00:00-14:00, 17:00-00:00",
        "Sun": "00:00-14:00, 17:00-00:00"
      },
      "distance": 1500,
      "price": 1
    },
    {
      "tag": [ "Dinner", "Chinese" ],
      "id": 7,
      "name": "阿江鱔魚意麵",
      "img": "https://i.imgur.com/pA964tF.png",
      "time": {
        "Mon": "17:00-00:00",
        "Tue": "17:00-00:00",
        "Wed": "17:00-00:00",
        "Thr": "17:00-00:00",
        "Fri": "17:00-00:00",
        "Sat": "17:00-00:00",
        "Sun": "17:00-00:00"
      },
      "distance": 306000,
      "price": 1
    },
    {
      "tag": [ "Dinner", "Korean" ],
      "id": 8,
      "name": "Shinara BBQ Buffet",
      "img": "https://i.imgur.com/vxiFJg8.jpg",
      "time": { "All": "17:00-23:00" },
      "distance": 3023560,
      "price": 3
    },
    {
      "tag": [ "Lunch", "Dinner", "Chinese" ],
      "id": 9,
      "name": "新馬辣",
      "img": "https://i.imgur.com/9hulc12.jpg",
      "time": {
        "Mon": "11:30-02:00",
        "Tue": "11:30-02:00",
        "Wed": "11:30-02:00",
        "Thr": "11:30-02:00",
        "Fri": "11:30-02:00",
        "Sat": "11:30-02:00",
        "Sun": "11:30-02:00"
      },
      "distance": 1400,
      "price": 3
    },
    {
      "tag": [ "Lunch", "Dinner", "Korean" ],
      "id": 10,
      "name": "小飯館兒",
      "img": "https://i.imgur.com/FaaWvzD.jpg",
      "time": {
        "Mon": "11:00-15:00, 16:30-22:30",
        "Wed": "11:00-15:00, 16:30-22:30",
        "Thr": "11:00-15:00, 16:30-22:30",
        "Fri": "11:00-15:00, 16:30-22:30",
        "Sat": "11:00-15:00, 16:30-22:30",
        "Sun": "11:00-15:00, 16:30-22:30"
      },
      "distance": 1350,
      "price": 2
    },
    {
      "tag": [ "Breakfast", "Lunch", "Dinner" ],
      "id": 11,
      "name": "富貴角燈塔",
      "img": "https://i.imgur.com/jbDcf5h.jpg",
      "time": { "All": "00:00-24:00" },
      "distance": 44500,
      "price": 1
    },
    {
        "tag": [ "Lunch", "Thai" ],
        "id": 12,
        "name": "食用昆蟲學",
        "img": "https://i.imgur.com/PKbO9VQ.png",
        "time": { "Fri": "13:20-15:10" },
        "distance": 700,
        "price": 1
    },
    {
      "tag": [ "Breakfast", "Lunch", "Dinner" ],
      "id": 13,
      "name": "長興園藝資材行",
      "img": "https://i.imgur.com/qkxPHg2.jpg",
      "time": { "All": "08:00-16:30" },
      "distance": 8100,
      "price": 1
    },
    {
      "tag": [ "Breakfast", "Lunch", "Dinner" ],
      "name": "Qsyn",
      "id": 18,
      "time": { "All": "08:00-24:00, 00:00-02:00" },
      "distance": 0,
      "price": 1,
      "img": "https://i.imgur.com/x2lKZXb.png"
    },
    {
      "tag": [ "Lunch", "Dinner", "Italian" ],
      "id": 15,
      "name": "瑪莉珍披薩",
      "img": "https://i.imgur.com/h3MGmZE.png",
      "time": {
        "Mon": "11:30-15:00, 16:30-21:00",
        "Tue": "11:30-15:00, 16:30-21:00",
        "Wed": "11:30-15:00, 16:30-21:00",
        "Thr": "11:30-15:00, 16:30-21:00",
        "Fri": "11:30-15:00, 16:30-21:00",
        "Sat": "11:30-21:00",
        "Sun": "11:30-21:00"
      },
      "distance": 1000,
      "price": 2
    },
    {
        "tag": [ "Lunch", "Japanese" ],
        "id": 14,
        "name": "平安京茶事",
        "img": "https://i.imgur.com/F9g2Jt0.jpg",
        "time": {
          "Mon": "12:30-19:30",
          "Wed": "12:30-19:30",
          "Thr": "12:30-19:30",
          "Fri": "12:30-19:30",
          "Sat": "12:30-19:30",
          "Sun": "12:30-19:30"
        },
        "distance": 1700,
        "price": 3
    },
    {
      "tag": [ "Breakfast", "Lunch", "Dinner", "American" ],
      "name": "麥當勞活大店",
      "id": 16,
      "time": { "All": "07:00-22:00" },
      "distance": 200,
      "price": 2,
      "img": "https://i.imgur.com/4PP8eJF.png"
    },
    {
      "tag": [ "Lunch", "Dinner", "Chinese" ],
      "name": "老哥",
      "id": 17,
      "time": {
        "Fri": "11:30-15:00, 16:30-20:30",
        "Mon": "11:30-15:00, 16:30-20:30",
        "Sat": "12:00-15:00, 17:00-20:30",
        "Thr": "11:30-15:00, 16:30-20:30",
        "Tue": "11:30-15:00, 16:30-20:30",
        "Wed": "11:30-15:00, 16:30-20:30"
      },
      "distance": 3900,
      "price": 2,
      "img": "https://i.imgur.com/heQCFh3.jpg"
    }
]